author,body,categories,industries,characters_count,clusters,entities,hashtags,id,keywords,language,links,paragraphs_count,published_at,sentences_count,sentiment,source,summary,title,words_count,license_type,media
{'id': 3041324},"In the wake of the failure of Silicon Valley Bank, First Republic and Signature Bank, our reporter SteveGelsi and CitizensBank CEO Bruce Van Saun
will explain what happened and what is ahead for regional banks amid inflation. Join us tomorrow:
  Join Barron's Live weekdays at noon, for timely and actionable insights tied to the coronavirus crisis. Dial-in to connect with top experts and our editors covering the outbreak, to hear the impact on markets, the economy, companies, real estate, and more. Session topics subject to change pending breaking news. Barron's senior managing editor Lauren R. Rublin, reporter Al Root and a special guest discuss the outlook for the aerospace industry. In the wake of the failure of Silicon Valley Bank, First Republic and Signature Bank, MarketWatch senior banking reporter Steve Gelsi sits down with Citizens CEO Bruce Van Saun to explain what happened, the role of his bank in addressing market...
  In the wake of the failure of Silicon Valley Bank, First Republic and Signature Bank, MarketWatch senior banking reporter Steve Gelsi sits down with Citizens CEO Bruce Van Saun to explain what happened, the role of his bank in addressing market jitters, and what the road looks like ahead for regional banks amid here-for-longer inflation.
  When Thu, Jun 8, 2023 · 12:00 AM Eastern Time (US & Canada) (GMT -4:00) Presenters Steve Gelsi Senior Banking Reporter, MarketWatch Steve Gelsi rejoined MarketWatch in 2021 as banking and cannabis reporter. He's covered Wall Street and private equity since the late 1990s for CBS MarketWatch, The Deal, Buyouts magazine and now MarketWatch.
  Bruce Van Saun CEO, Citizens Bruce Van Saun is Chairman and Chief Executive Officer of Citizens Financial Group, Inc, a super-regional bank with a significant presence in New England, the Mid-Atlantic and the Midwest that serves more than six million consumer and business customers. headtopics.","[{'id': 'IAB3-5', 'label': 'Construction', 'score': 0.12, 'links': {'parents': ['https://api.aylien.com/api/v1/classify/taxonomy/iab-qag/IAB3'], 'self': 'https://api.aylien.com/api/v1/classify/taxonomy/iab-qag/IAB3-5'}}, {'id': 'IAB13-11', 'label': 'Stocks', 'score': 0.11, 'links': {'parents': ['https://api.aylien.com/api/v1/classify/taxonomy/iab-qag/IAB13'], 'self': 'https://api.aylien.com/api/v1/classify/taxonomy/iab-qag/IAB13-11'}}, {'id': 'IAB13', 'label': 'Personal Finance', 'score': 0.1, 'links': {'self': 'https://api.aylien.com/api/v1/classify/taxonomy/iab-qag/IAB13'}}, {'id': 'IAB3', 'label': 'Business', 'score': 0.09, 'links': {'self': 'https://api.aylien.com/api/v1/classify/taxonomy/iab-qag/IAB3'}}, {'id': '04006002', 'label': 'banking', 'score': 0.21, 'links': {'parents': ['https://api.aylien.com/api/v1/classify/taxonomy/iptc-subjectcode/04006000'], 'self': 'https://api.aylien.com/api/v1/classify/taxonomy/iptc-subjectcode/04006002'}}, {'id': 'ay.fin', 'label': 'Finance', 'score': 0.8, 'links': {'self': 'https://api.aylien.com/api/v1/classify/taxonomy/aylien/ay.fin'}}, {'id': 'ay.fin.banking', 'label': 'Banking', 'score': 0.8, 'links': {'parents': ['https://api.aylien.com/api/v1/classify/taxonomy/aylien/ay.fin'], 'self': 'https://api.aylien.com/api/v1/classify/taxonomy/aylien/ay.fin.banking'}}]","[{'id': 'in.finserv', 'label': 'Financial Services and Banking', 'score': 1, 'links': {'self': 'https://api.aylien.com/api/v1/classify/taxonomy/industries/in.finserv'}}, {'id': 'in.finserv.banking', 'label': 'Banks and Banking', 'score': 1, 'links': {'parents': ['https://api.aylien.com/api/v1/classify/taxonomy/industries/in.finserv.lending'], 'self': 'https://api.aylien.com/api/v1/classify/taxonomy/industries/in.finserv.banking'}}, {'id': 'in.finserv.lending', 'label': 'Lending', 'score': 1, 'links': {'parents': ['https://api.aylien.com/api/v1/classify/taxonomy/industries/in.finserv'], 'self': 'https://api.aylien.com/api/v1/classify/taxonomy/industries/in.finserv.lending'}}, {'id': 'in.finserv.regbank', 'label': 'Regional Banks', 'score': 1, 'links': {'parents': ['https://api.aylien.com/api/v1/classify/taxonomy/industries/in.finserv.banking'], 'self': 'https://api.aylien.com/api/v1/classify/taxonomy/industries/in.finserv.regbank'}}]",1919,[477781913],"[{'id': 'Q17068426', 'links': {'wikipedia': 'https://en.wikipedia.org/wiki/MarketWatch', 'wikidata': 'https://www.wikidata.org/wiki/Q17068426'}, 'types': ['Product_(business)'], 'overall_sentiment': {'polarity': 'neutral', 'confidence': 0.85}, 'overall_prominence': 0.98, 'overall_frequency': 7, 'body': {'sentiment': {'polarity': 'neutral', 'confidence': 0.79}, 'surface_forms': [{'text': 'MarketWatch', 'frequency': 6, 'mentions': [{'index': {'start': 780, 'end': 791}, 'sentiment': {'polarity': 'neutral', 'confidence': 0.57}}, {'index': {'start': 1030, 'end': 1041}, 'sentiment': {'polarity': 'neutral', 'confidence': 0.61}}, {'index': {'start': 1406, 'end': 1417}, 'sentiment': {'polarity': 'neutral', 'confidence': 0.92}}, {'index': {'start': 1439, 'end': 1450}, 'sentiment': {'polarity': 'neutral', 'confidence': 0.93}}, {'index': {'start': 1566, 'end': 1577}, 'sentiment': {'polarity': 'neutral', 'confidence': 0.87}}, {'index': {'start': 1614, 'end': 1625}, 'sentiment': {'polarity': 'neutral', 'confidence': 0.87}}]}]}, 'title': {'sentiment': {'polarity': 'neutral', 'confidence': 0.9}, 'surface_forms': [{'text': 'MarketWatch', 'frequency': 1, 'mentions': [{'index': {'start': 8, 'end': 19}, 'sentiment': {'polarity': 'neutral', 'confidence': 0.9}}]}]}}, {'id': 'Q58296', 'links': {'wikipedia': 'https://en.wikipedia.org/wiki/French_First_Republic', 'wikidata': 'https://www.wikidata.org/wiki/Q58296'}, 'types': ['Location', 'Organization', 'Country', 'Community', 'State_(polity)', 'Sovereign_state'], 'overall_sentiment': {'polarity': 'neutral', 'confidence': 0.6}, 'overall_prominence': 0.98, 'overall_frequency': 3, 'body': {'sentiment': {'polarity': 'neutral', 'confidence': 0.6}, 'surface_forms': [{'text': 'First Republic', 'frequency': 3, 'mentions': [{'index': {'start': 51, 'end': 65}, 'sentiment': {'polarity': 'neutral', 'confidence': 0.57}}, {'index': {'start': 745, 'end': 759}, 'sentiment': {'polarity': 'neutral', 'confidence': 0.61}}, {'index': {'start': 995, 'end': 1009}, 'sentiment': {'polarity': 'neutral', 'confidence': 0.63}}]}]}}, {'id': 'Q24204571', 'links': {'wikipedia': 'https://en.wikipedia.org/wiki/Signature_Bank', 'wikidata': 'https://www.wikidata.org/wiki/Q24204571'}, 'types': ['Organization', 'Company', 'Public_company'], 'overall_sentiment': {'polarity': 'neutral', 'confidence': 0.6}, 'overall_prominence': 0.98, 'overall_frequency': 3, 'body': {'sentiment': {'polarity': 'neutral', 'confidence': 0.6}, 'surface_forms': [{'text': 'Signature Bank', 'frequency': 3, 'mentions': [{'index': {'start': 70, 'end': 84}, 'sentiment': {'polarity': 'neutral', 'confidence': 0.57}}, {'index': {'start': 764, 'end': 778}, 'sentiment': {'polarity': 'neutral', 'confidence': 0.6}}, {'index': {'start': 1014, 'end': 1028}, 'sentiment': {'polarity': 'neutral', 'confidence': 0.63}}]}]}}, {'id': 'Q17112054', 'links': {'wikipedia': 'https://en.wikipedia.org/wiki/Silicon_Valley_Bank', 'wikidata': 'https://www.wikidata.org/wiki/Q17112054'}, 'stock_tickers': ['SIVB'], 'types': ['Organization', 'Company', 'Public_company'], 'overall_sentiment': {'polarity': 'neutral', 'confidence': 0.69}, 'overall_prominence': 0.98, 'overall_frequency': 3, 'body': {'sentiment': {'polarity': 'neutral', 'confidence': 0.69}, 'surface_forms': [{'text': 'Silicon Valley Bank', 'frequency': 3, 'mentions': [{'index': {'start': 30, 'end': 49}, 'sentiment': {'polarity': 'neutral', 'confidence': 0.66}}, {'index': {'start': 724, 'end': 743}, 'sentiment': {'polarity': 'neutral', 'confidence': 0.71}}, {'index': {'start': 974, 'end': 993}, 'sentiment': {'polarity': 'neutral', 'confidence': 0.71}}]}]}}, {'id': 'N76059254956454614096457892525119073273', 'types': ['Human'], 'overall_sentiment': {'polarity': 'neutral', 'confidence': 0.58}, 'overall_prominence': 0.97, 'overall_frequency': 5, 'body': {'sentiment': {'polarity': 'neutral', 'confidence': 0.58}, 'surface_forms': [{'text': 'Bruce Van Saun', 'frequency': 5, 'mentions': [{'index': {'start': 131, 'end': 145}, 'sentiment': {'polarity': 'neutral', 'confidence': 0.55}}, {'index': {'start': 856, 'end': 870}, 'sentiment': {'polarity': 'neutral', 'confidence': 0.57}}, {'index': {'start': 1106, 'end': 1120}, 'sentiment': {'polarity': 'neutral', 'confidence': 0.61}}, {'index': {'start': 1629, 'end': 1643}, 'sentiment': {'polarity': 'positive', 'confidence': 0.56}}, {'index': {'start': 1658, 'end': 1672}, 'sentiment': {'polarity': 'positive', 'confidence': 0.53}}]}]}}, {'id': 'Q5122694', 'links': {'wikipedia': 'https://en.wikipedia.org/wiki/Citizens_Financial_Group', 'wikidata': 'https://www.wikidata.org/wiki/Q5122694'}, 'types': ['Organization', 'Financial_institution', 'Bank', 'Business'], 'overall_sentiment': {'polarity': 'neutral', 'confidence': 0.88}, 'overall_prominence': 0.89, 'overall_frequency': 1, 'title': {'sentiment': {'polarity': 'neutral', 'confidence': 0.88}, 'surface_forms': [{'text': 'Citizens Financial Group', 'frequency': 1, 'mentions': [{'index': {'start': 77, 'end': 101}, 'sentiment': {'polarity': 'neutral', 'confidence': 0.88}}]}]}}, {'id': 'N296787328544635177429131654971213781510', 'types': ['Organization'], 'overall_sentiment': {'polarity': 'neutral', 'confidence': 0.54}, 'overall_prominence': 0.71, 'overall_frequency': 1, 'body': {'sentiment': {'polarity': 'neutral', 'confidence': 0.54}, 'surface_forms': [{'text': 'SteveGelsi', 'frequency': 1, 'mentions': [{'index': {'start': 99, 'end': 109}, 'sentiment': {'polarity': 'neutral', 'confidence': 0.54}}]}]}}, {'id': 'N198478276415683860021400364771998075562', 'types': ['Organization'], 'overall_sentiment': {'polarity': 'neutral', 'confidence': 0.51}, 'overall_prominence': 0.69, 'overall_frequency': 1, 'body': {'sentiment': {'polarity': 'neutral', 'confidence': 0.51}, 'surface_forms': [{'text': 'CitizensBank', 'frequency': 1, 'mentions': [{'index': {'start': 114, 'end': 126}, 'sentiment': {'polarity': 'neutral', 'confidence': 0.51}}]}]}}, {'id': 'N287396063332334841899921008359034844296', 'types': ['Human'], 'overall_sentiment': {'polarity': 'neutral', 'confidence': 0.74}, 'overall_prominence': 0.5, 'overall_frequency': 1, 'body': {'sentiment': {'polarity': 'neutral', 'confidence': 0.74}, 'surface_forms': [{'text': 'Join Barron', 'frequency': 1, 'mentions': [{'index': {'start': 246, 'end': 257}, 'sentiment': {'polarity': 'neutral', 'confidence': 0.74}}]}]}}, {'id': 'Q84263196', 'links': {'wikipedia': 'https://en.wikipedia.org/wiki/Coronavirus_disease_2019', 'wikidata': 'https://www.wikidata.org/wiki/Q84263196'}, 'overall_sentiment': {'polarity': 'neutral', 'confidence': 0.53}, 'overall_prominence': 0.38, 'overall_frequency': 1, 'body': {'sentiment': {'polarity': 'neutral', 'confidence': 0.53}, 'surface_forms': [{'text': 'coronavirus', 'frequency': 1, 'mentions': [{'index': {'start': 330, 'end': 341}, 'sentiment': {'polarity': 'neutral', 'confidence': 0.53}}]}]}}, {'id': 'N106424602802267128743553466277913090083', 'types': ['Human'], 'overall_sentiment': {'polarity': 'neutral', 'confidence': 0.76}, 'overall_prominence': 0.35, 'overall_frequency': 4, 'body': {'sentiment': {'polarity': 'neutral', 'confidence': 0.76}, 'surface_forms': [{'text': 'Steve Gelsi', 'frequency': 4, 'mentions': [{'index': {'start': 816, 'end': 827}, 'sentiment': {'polarity': 'neutral', 'confidence': 0.59}}, {'index': {'start': 1066, 'end': 1077}, 'sentiment': {'polarity': 'neutral', 'confidence': 0.62}}, {'index': {'start': 1369, 'end': 1380}, 'sentiment': {'polarity': 'neutral', 'confidence': 0.91}}, {'index': {'start': 1418, 'end': 1429}, 'sentiment': {'polarity': 'neutral', 'confidence': 0.91}}]}]}}, {'id': 'Q1393123', 'links': {'wikipedia': 'https://en.wikipedia.org/wiki/Citizens_(Spanish_political_party)', 'wikidata': 'https://www.wikidata.org/wiki/Q1393123'}, 'types': ['Nonprofit_organization', 'Organization', 'Political_organisation'], 'overall_sentiment': {'polarity': 'neutral', 'confidence': 0.59}, 'overall_prominence': 0.33, 'overall_frequency': 3, 'body': {'sentiment': {'polarity': 'neutral', 'confidence': 0.59}, 'surface_forms': [{'text': 'Citizens', 'frequency': 3, 'mentions': [{'index': {'start': 843, 'end': 851}, 'sentiment': {'polarity': 'neutral', 'confidence': 0.57}}, {'index': {'start': 1093, 'end': 1101}, 'sentiment': {'polarity': 'neutral', 'confidence': 0.6}}, {'index': {'start': 1649, 'end': 1657}, 'sentiment': {'polarity': 'positive', 'confidence': 0.55}}]}]}}, {'id': 'Q494916', 'links': {'wikipedia': 'https://en.wikipedia.org/wiki/Barron_County,_Wisconsin', 'wikidata': 'https://www.wikidata.org/wiki/Q494916'}, 'types': ['Location'], 'overall_sentiment': {'polarity': 'neutral', 'confidence': 0.88}, 'overall_prominence': 0.06, 'overall_frequency': 1, 'body': {'sentiment': {'polarity': 'neutral', 'confidence': 0.88}, 'surface_forms': [{'text': 'Barron', 'frequency': 1, 'mentions': [{'index': {'start': 559, 'end': 565}, 'sentiment': {'polarity': 'neutral', 'confidence': 0.88}}]}]}}, {'id': 'N262089121353485136106334540094269941043', 'types': ['Human'], 'overall_sentiment': {'polarity': 'neutral', 'confidence': 0.89}, 'overall_prominence': 0.02, 'overall_frequency': 1, 'body': {'sentiment': {'polarity': 'neutral', 'confidence': 0.89}, 'surface_forms': [{'text': 'Al Root', 'frequency': 1, 'mentions': [{'index': {'start': 618, 'end': 625}, 'sentiment': {'polarity': 'neutral', 'confidence': 0.89}}]}]}}, {'id': 'N251922314794411559426720953476454716543', 'types': ['Organization'], 'overall_sentiment': {'polarity': 'positive', 'confidence': 0.52}, 'overall_prominence': 0.02, 'overall_frequency': 1, 'body': {'sentiment': {'polarity': 'positive', 'confidence': 0.52}, 'surface_forms': [{'text': 'Citizens Financial Group, Inc', 'frequency': 1, 'mentions': [{'index': {'start': 1716, 'end': 1745}, 'sentiment': {'polarity': 'positive', 'confidence': 0.52}}]}]}}, {'id': 'Q120', 'links': {'wikipedia': 'https://en.wikipedia.org/wiki/June', 'wikidata': 'https://www.wikidata.org/wiki/Q120'}, 'overall_sentiment': {'polarity': 'neutral', 'confidence': 0.91}, 'overall_prominence': 0.02, 'overall_frequency': 1, 'body': {'sentiment': {'polarity': 'neutral', 'confidence': 0.91}, 'surface_forms': [{'text': 'Jun', 'frequency': 1, 'mentions': [{'index': {'start': 1296, 'end': 1299}, 'sentiment': {'polarity': 'neutral', 'confidence': 0.91}}]}]}}, {'id': 'N154317732769156663548828035056930226263', 'types': ['Location'], 'overall_sentiment': {'polarity': 'positive', 'confidence': 0.51}, 'overall_prominence': 0.02, 'overall_frequency': 1, 'body': {'sentiment': {'polarity': 'positive', 'confidence': 0.51}, 'surface_forms': [{'text': 'Mid-Atlantic', 'frequency': 1, 'mentions': [{'index': {'start': 1817, 'end': 1829}, 'sentiment': {'polarity': 'positive', 'confidence': 0.51}}]}]}}, {'id': 'Q950380', 'links': {'wikipedia': 'https://en.wikipedia.org/wiki/CBS_Corporation', 'wikidata': 'https://www.wikidata.org/wiki/Q950380'}, 'stock_tickers': ['CBSA'], 'types': ['Organization', 'Business'], 'overall_sentiment': {'polarity': 'neutral', 'confidence': 0.86}, 'overall_prominence': 0.02, 'overall_frequency': 1, 'body': {'sentiment': {'polarity': 'neutral', 'confidence': 0.86}, 'surface_forms': [{'text': 'CBS', 'frequency': 1, 'mentions': [{'index': {'start': 1562, 'end': 1565}, 'sentiment': {'polarity': 'neutral', 'confidence': 0.86}}]}]}}, {'id': 'Q18389', 'links': {'wikipedia': 'https://en.wikipedia.org/wiki/New_England', 'wikidata': 'https://www.wikidata.org/wiki/Q18389'}, 'types': ['Location'], 'overall_sentiment': {'polarity': 'positive', 'confidence': 0.53}, 'overall_prominence': 0.02, 'overall_frequency': 1, 'body': {'sentiment': {'polarity': 'positive', 'confidence': 0.53}, 'surface_forms': [{'text': 'New England', 'frequency': 1, 'mentions': [{'index': {'start': 1800, 'end': 1811}, 'sentiment': {'polarity': 'positive', 'confidence': 0.53}}]}]}}, {'id': 'Q186545', 'links': {'wikipedia': 'https://en.wikipedia.org/wiki/Midwestern_United_States', 'wikidata': 'https://www.wikidata.org/wiki/Q186545'}, 'types': ['Location'], 'overall_sentiment': {'polarity': 'positive', 'confidence': 0.51}, 'overall_prominence': 0.02, 'overall_frequency': 1, 'body': {'sentiment': {'polarity': 'positive', 'confidence': 0.51}, 'surface_forms': [{'text': 'Midwest', 'frequency': 1, 'mentions': [{'index': {'start': 1838, 'end': 1845}, 'sentiment': {'polarity': 'positive', 'confidence': 0.51}}]}]}}, {'id': 'N147687936005015142317751583956391350976', 'types': ['Organization'], 'overall_sentiment': {'polarity': 'neutral', 'confidence': 0.91}, 'overall_prominence': 0.02, 'overall_frequency': 1, 'body': {'sentiment': {'polarity': 'neutral', 'confidence': 0.91}, 'surface_forms': [{'text': 'US & Canada', 'frequency': 1, 'mentions': [{'index': {'start': 1333, 'end': 1344}, 'sentiment': {'polarity': 'neutral', 'confidence': 0.91}}]}]}}, {'id': 'N98284684749205268545946509451706515191', 'types': ['Human'], 'overall_sentiment': {'polarity': 'neutral', 'confidence': 0.91}, 'overall_prominence': 0.02, 'overall_frequency': 1, 'body': {'sentiment': {'polarity': 'neutral', 'confidence': 0.91}, 'surface_forms': [{'text': 'Lauren R. Rublin', 'frequency': 1, 'mentions': [{'index': {'start': 591, 'end': 607}, 'sentiment': {'polarity': 'neutral', 'confidence': 0.91}}]}]}}, {'id': 'N315517774546576850894739474676080164893', 'types': ['Human'], 'overall_sentiment': {'polarity': 'neutral', 'confidence': 0.92}, 'overall_prominence': 0.02, 'overall_frequency': 1, 'body': {'sentiment': {'polarity': 'neutral', 'confidence': 0.92}, 'surface_forms': [{'text': 'Thu', 'frequency': 1, 'mentions': [{'index': {'start': 1291, 'end': 1294}, 'sentiment': {'polarity': 'neutral', 'confidence': 0.92}}]}]}}]","['#MarketWatch', '#ChiefExecutiveOfficer', '#CitizensFinancialGroup', '#CEO', '#WallStreet', '#Time', '#TheDeal', '#RealEstate', '#PrivateEquity', '#NewEngland', '#MidwesternUnitedStates', '#MidAtlantic', '#Inflation', '#GreenwichMeanTime', '#GMT', '#FrenchFirstRepublic', '#CoronavirusDisease2019', '#Coronavirus', '#Cannabis', '#Canada', '#BreakingNews', '#Bank', '#Aerospace', '#AMBroadcasting', '#AM']",5727146035,"['regional', 'The Deal', 'Wall Street', 'private equity', 'bank', 'First Republic', 'New England', 'CEO', 'inflation', 'Canada', 'aerospace', 'breaking news', 'Saun', 'more', 'real estate', 'Steve Gelsi', 'Barron', 'AM', 'reporter', 'Bruce', 'Al Root', 'SteveGelsi', 'Midwest', 'coronavirus', 'Jun 8', 'GMT', 'Join Barron', 'Citizens', 'cannabis', 'CBS MarketWatch', 'Time', 'CitizensBank', 'Mid-Atlantic', 'Thu', 'MarketWatch']",en,"{'permalink': 'https://headtopics.com/us/jun-8-marketwatch-regional-banking-crisis-view-from-the-ceo-s-office-at-citizens-financial-grou-39946392', 'clusters': '/stories?clusters[]=477781913'}",6,2023-06-07T23:28:40Z,11,"{'body': {'polarity': 'negative', 'score': 0.51}, 'title': {'polarity': 'neutral', 'score': 0.81}}","{'domain': 'headtopics.com', 'home_page_url': 'https://www.headtopics.com/', 'id': 116264, 'locations': [{'country': 'US'}, {'country': 'MY'}], 'name': 'Head Topics', 'scopes': [{'country': 'US'}]}","{'sentences': ['In the wake of the failure of Silicon Valley Bank, First Republic and Signature Bank, our reporter SteveGelsi and CitizensBank CEO Bruce Van Saun\nwill explain what happened and what is ahead for regional banks amid inflation.', 'In the wake of the failure of Silicon Valley Bank, First Republic and Signature Bank, MarketWatch senior banking reporter Steve Gelsi sits down with Citizens CEO Bruce Van Saun to explain what happened, the role of his bank in addressing market jitters, and what the road looks like ahead for regional banks amid here-for-longer inflation.\n  ', 'In the wake of the failure of Silicon Valley Bank, First Republic and Signature Bank, MarketWatch senior banking reporter Steve Gelsi sits down with Citizens CEO Bruce Van Saun to explain what happened, the role of his bank in addressing market...\n  ', 'Bruce Van Saun CEO, Citizens Bruce Van Saun is Chairman and Chief Executive Officer of Citizens Financial Group, Inc, a super-regional bank with a significant presence in New England, the Mid-Atlantic and the Midwest that serves more than six million consumer and business customers.', 'When Thu, Jun 8, 2023 · 12:00 AM Eastern Time (US & Canada) (GMT -4:00) Presenters Steve Gelsi Senior Banking Reporter, MarketWatch Steve Gelsi rejoined MarketWatch in 2021 as banking and cannabis reporter.']}",Jun. 8: MarketWatch - Regional Banking Crisis: View from the CEO's office at Citizens Financial Group,310,0,
{'id': 3041324},"Here's how Barnhart Transportation grew into one of the best one-stop logistics companies CitizensBank ad
 Insider tells the global tech, finance, markets, media, healthcare, and strategy stories you want to know.
  Barnhart Transportation believes in.Associated Press was the first to report that the NHTSA thad reached out to Tesla for more information about the CEO's tweet.reported on Monday, citing a source close to the executive..
  Starting with only two trucks, brothers Bryan and Tim Barnhart grew the family business from a small transportation company into a third-party logistics provider offering customized transportation solutions to customers across the globe.From the beginning, the Barnharts set their sights on becoming the best one-stop logistics company on the road.A spokesperson for Tesla did not respond to a request for comment from Insider ahead of publication.Twenty years later, the brothers now own and operate seven standalone entities, including Barnhart Transportation, their transportation and logistics firm; Lake Shore Logistics, their brokerage service with a carrier network that ships across the US, Canada, and Mexico; Jet Park Warehousing, offering commercial warehousing and storage solutions; and Lake Shore Global Solutions, their import-export freight forwarding service to name just four of seven entities.A prominent media executive, Stern oversaw an expansion of Apple's paid subscription businesses, particularly its television offering, Apple TV+.But success didn't come overnight — there were a few bumps along the way.Tesla's FSD and Autopilot has a feature that reminds the driver to apply pressure to the steering wheel and can disengage the software if it deems a driver has had their hands off the steering wheel for too long.Through it all, the company's ability to diversify itself and stalwart dedication to being an always-say-yes company for its customers earned Barnhart a spot in the transportation industry's big leagues.In December, the brand announced an $8 million Series A deal, led by Verity Venture Partners — a rare bright spot at a time when many investors have pulled back from new deals in the consumer space.
  By 2022, Barnhart expanded its fleet to 170 trucks.It's unclear if the carmaker plans to disable either feature for power users, but if it chose to, Tesla could disable or modify the feature using its over-the-air software updates.19 billion in the fourth quarter ended September, up 5% from the previous year.It starts with the customer To co-founder Tim Barnhart, the secret to success is clear.""It's not a special pill or deal.FSD is an add-on to Tesla's Autopilot driver assist program.It's always just been about customer service,"" he said.A maniacal focus on exceeding every customer's expectations and a talent for networking with vendors, drivers, and suppliers drove Barnhart's expansion in the US and globally.The software enables Teslas to automatically change lanes, enter and exit highways, recognize stop signs and traffic lights, and park.Whether a beauty brand stands the test of time ultimately seems to rest on how much personal capital a celebrity or influencer is willing to invest into it.
  The Barnhart team encompasses 60 company drivers, 110 independent contractors, and 70 staff members — all working together to ensure the Barnhart name is associated with excellent customer service.Barnhart Transportation It's not a special pill or deal.Tesla's FSD software has faced criticism in the past.It's always just been about customer service.Tim Barnhart, co-founder of Barnhart Transportation To Tim and Bryan, their employees are just another addition to their family.Last year, the California Department of Motor Vehicles.And once a part of the Barnhart family, the company shows its employees the same dedication it would show a valued client by always going the extra mile — even during a pandemic.
  ""2020 was probably our worst year for us in business,"" Tim said.""But, we kept everybody 100% employed."" The Barnharts turned business back around by casting a wider net onto new ventures, like their public commercial tank wash service located in Northeast Pennsylvania that makes their liquid tank operations more efficient, allowing them to better serve their customers.Diversify to thrive Well before the pandemic, both brothers knew they needed to diversify their capabilities to stay on top of a highly competitive logistics industry.A financial partner was the solution, but to the Barnharts, it couldn't be just anyone.
  First and foremost, they wanted a partner whose dedication to teamwork, integrity, shared values, and five-star customer service mirrored theirs.Citizens quickly became that trusted partner at their management table.Barnhart Transportation Together, their teamwork's impact is evidenced by the growing breadth of Barnhart Transportation's reach.Tim and Bryan now serve their customers and community in multiple regions, which includes three warehouses in the Charleston, South Carolina market.The expansion and presence in this""Regional HQ"" allow the company to grow its offerings to reach a more extensive customer base, like those on the East Coast.
  In addition to its headquarters, Barnhart diversifies itself by also owning fleet and warehouse operations in Northwest Pennsylvania and investing in high-growth customer markets such as South Carolina and Texas.The power of saying 'yes' Another way the company climbed its way to the top: Where others see obstacles, the Barnharts see opportunity.One of their acquired warehouses located in the small town of Moncks Corner, SC, was initially a dumping ground for hazardous materials and pests after it lay abandoned from bankruptcy.Even when the state of South Carolina poured millions into the cleanup because of outcries from the community, the site remained unusable.Barnhart Transportation Barnhart Transportation Show less The Barnharts stepped in to acquire and revitalize the property that threatened the health and lives of nearby residents.
  The project would not only improve environmental conditions but also create jobs for the people of Moncks Corner.And because Citizens, much like Barnhart, values supporting business growth projects in their communities, they helped fund the expansion — now slated for an official grand opening in January 2023.Living by their motto,""Driven By You,"" has helped the Barnharts meet the needs of their customers, drivers, and employees.Their dedication to customer service and delivering innovative solutions has helped drive the company's success..","[{'id': 'IAB3-10', 'label': 'Logistics', 'score': 0.39, 'links': {'parents': ['https://api.aylien.com/api/v1/classify/taxonomy/iab-qag/IAB3'], 'self': 'https://api.aylien.com/api/v1/classify/taxonomy/iab-qag/IAB3-10'}}, {'id': 'IAB3', 'label': 'Business', 'score': 0.33, 'links': {'self': 'https://api.aylien.com/api/v1/classify/taxonomy/iab-qag/IAB3'}}, {'id': '04010000', 'label': 'media', 'score': 0.09, 'links': {'parents': ['https://api.aylien.com/api/v1/classify/taxonomy/iptc-subjectcode/04000000'], 'self': 'https://api.aylien.com/api/v1/classify/taxonomy/iptc-subjectcode/04010000'}}, {'id': 'ay.biz', 'label': 'Business and Commerce', 'score': 1, 'links': {'self': 'https://api.aylien.com/api/v1/classify/taxonomy/aylien/ay.biz'}}, {'id': 'ay.lifesoc', 'label': 'Life and Society', 'score': 0.9, 'links': {'self': 'https://api.aylien.com/api/v1/classify/taxonomy/aylien/ay.lifesoc'}}, {'id': 'ay.lifesoc.landtran', 'label': 'Land Transportation', 'score': 0.9, 'links': {'parents': ['https://api.aylien.com/api/v1/classify/taxonomy/aylien/ay.lifesoc.trans'], 'self': 'https://api.aylien.com/api/v1/classify/taxonomy/aylien/ay.lifesoc.landtran'}}, {'id': 'ay.lifesoc.roadtran', 'label': 'Road Transport', 'score': 0.9, 'links': {'parents': ['https://api.aylien.com/api/v1/classify/taxonomy/aylien/ay.lifesoc.landtran'], 'self': 'https://api.aylien.com/api/v1/classify/taxonomy/aylien/ay.lifesoc.roadtran'}}, {'id': 'ay.lifesoc.trans', 'label': 'Transportation', 'score': 0.9, 'links': {'parents': ['https://api.aylien.com/api/v1/classify/taxonomy/aylien/ay.lifesoc'], 'self': 'https://api.aylien.com/api/v1/classify/taxonomy/aylien/ay.lifesoc.trans'}}, {'id': 'ay.biz.supplych', 'label': 'Supply Chain and Logistics', 'score': 0.7, 'links': {'parents': ['https://api.aylien.com/api/v1/classify/taxonomy/aylien/ay.biz'], 'self': 'https://api.aylien.com/api/v1/classify/taxonomy/aylien/ay.biz.supplych'}}]","[{'id': 'in.trans', 'label': 'Transportation and Logistics', 'score': 1, 'links': {'self': 'https://api.aylien.com/api/v1/classify/taxonomy/industries/in.trans'}}, {'id': 'in.trans.distlog', 'label': 'Distribution and Logistics', 'score': 1, 'links': {'parents': ['https://api.aylien.com/api/v1/classify/taxonomy/industries/in.trans'], 'self': 'https://api.aylien.com/api/v1/classify/taxonomy/industries/in.trans.distlog'}}, {'id': 'in.trans.logistic', 'label': 'Logistics', 'score': 1, 'links': {'parents': ['https://api.aylien.com/api/v1/classify/taxonomy/industries/in.trans.distlog'], 'self': 'https://api.aylien.com/api/v1/classify/taxonomy/industries/in.trans.logistic'}}, {'id': 'in.hcare', 'label': 'Healthcare', 'score': 0.6, 'links': {'self': 'https://api.aylien.com/api/v1/classify/taxonomy/industries/in.hcare'}}, {'id': 'in.hcare.tech', 'label': 'Healthcare Technology', 'score': 0.6, 'links': {'parents': ['https://api.aylien.com/api/v1/classify/taxonomy/industries/in.hcare'], 'self': 'https://api.aylien.com/api/v1/classify/taxonomy/industries/in.hcare.tech'}}, {'id': 'in.trans.frtfow', 'label': 'Freight Forwarding', 'score': 0.6, 'links': {'parents': ['https://api.aylien.com/api/v1/classify/taxonomy/industries/in.trans.distlog'], 'self': 'https://api.aylien.com/api/v1/classify/taxonomy/industries/in.trans.frtfow'}}, {'id': 'in.trans.grcour', 'label': 'Ground Courier', 'score': 0.6, 'links': {'parents': ['https://api.aylien.com/api/v1/classify/taxonomy/industries/in.trans.parcel'], 'self': 'https://api.aylien.com/api/v1/classify/taxonomy/industries/in.trans.grcour'}}, {'id': 'in.trans.parcel', 'label': 'Parcel Transport', 'score': 0.6, 'links': {'parents': ['https://api.aylien.com/api/v1/classify/taxonomy/industries/in.trans'], 'self': 'https://api.aylien.com/api/v1/classify/taxonomy/industries/in.trans.parcel'}}]",6585,[427173658],"[{'id': 'N14527749446220098599798961248190456820', 'types': ['Organization'], 'overall_sentiment': {'polarity': 'positive', 'confidence': 0.91}, 'overall_prominence': 0.98, 'overall_frequency': 2, 'body': {'sentiment': {'polarity': 'positive', 'confidence': 0.91}, 'surface_forms': [{'text': 'Insider', 'frequency': 2, 'mentions': [{'index': {'start': 107, 'end': 114}, 'sentiment': {'polarity': 'positive', 'confidence': 0.91}}, {'index': {'start': 859, 'end': 866}, 'sentiment': {'polarity': 'neutral', 'confidence': 0.54}}]}]}}, {'id': 'N52482611949473187142994690297728095417', 'types': ['Organization'], 'overall_sentiment': {'polarity': 'neutral', 'confidence': 0.73}, 'overall_prominence': 0.98, 'overall_frequency': 5, 'body': {'sentiment': {'polarity': 'neutral', 'confidence': 0.73}, 'surface_forms': [{'text': 'Barnhart Transportation', 'frequency': 5, 'mentions': [{'index': {'start': 11, 'end': 34}, 'sentiment': {'polarity': 'positive', 'confidence': 0.9}}, {'index': {'start': 216, 'end': 239}, 'sentiment': {'polarity': 'neutral', 'confidence': 0.71}}, {'index': {'start': 978, 'end': 1001}, 'sentiment': {'polarity': 'neutral', 'confidence': 0.87}}, {'index': {'start': 3578, 'end': 3601}, 'sentiment': {'polarity': 'neutral', 'confidence': 0.6}}, {'index': {'start': 4855, 'end': 4878}, 'sentiment': {'polarity': 'positive', 'confidence': 0.9}}]}]}}, {'id': 'N198478276415683860021400364771998075562', 'types': ['Organization'], 'overall_sentiment': {'polarity': 'positive', 'confidence': 0.89}, 'overall_prominence': 0.78, 'overall_frequency': 1, 'body': {'sentiment': {'polarity': 'positive', 'confidence': 0.89}, 'surface_forms': [{'text': 'CitizensBank', 'frequency': 1, 'mentions': [{'index': {'start': 90, 'end': 102}, 'sentiment': {'polarity': 'positive', 'confidence': 0.89}}]}]}}, {'id': 'Q478214', 'links': {'wikipedia': 'https://en.wikipedia.org/wiki/Tesla,_Inc.', 'wikidata': 'https://www.wikidata.org/wiki/Q478214'}, 'stock_tickers': ['TSLA'], 'types': ['Corporation', 'Product_(business)', 'Business', 'Company', 'Organization'], 'overall_sentiment': {'polarity': 'neutral', 'confidence': 0.6}, 'overall_prominence': 0.74, 'overall_frequency': 6, 'body': {'sentiment': {'polarity': 'neutral', 'confidence': 0.6}, 'surface_forms': [{'text': 'Tesla', 'frequency': 6, 'mentions': [{'index': {'start': 328, 'end': 333}, 'sentiment': {'polarity': 'neutral', 'confidence': 0.84}}, {'index': {'start': 807, 'end': 812}, 'sentiment': {'polarity': 'neutral', 'confidence': 0.59}}, {'index': {'start': 1570, 'end': 1575}, 'sentiment': {'polarity': 'neutral', 'confidence': 0.48}}, {'index': {'start': 2335, 'end': 2340}, 'sentiment': {'polarity': 'positive', 'confidence': 0.49}}, {'index': {'start': 2636, 'end': 2641}, 'sentiment': {'polarity': 'positive', 'confidence': 0.56}}, {'index': {'start': 3452, 'end': 3457}, 'sentiment': {'polarity': 'neutral', 'confidence': 0.51}}]}]}}, {'id': 'Q40469', 'links': {'wikipedia': 'https://en.wikipedia.org/wiki/Associated_Press', 'wikidata': 'https://www.wikidata.org/wiki/Q40469'}, 'types': ['Business', 'Company', 'Organization'], 'overall_sentiment': {'polarity': 'neutral', 'confidence': 0.78}, 'overall_prominence': 0.55, 'overall_frequency': 1, 'body': {'sentiment': {'polarity': 'neutral', 'confidence': 0.78}, 'surface_forms': [{'text': 'Associated Press', 'frequency': 1, 'mentions': [{'index': {'start': 252, 'end': 268}, 'sentiment': {'polarity': 'neutral', 'confidence': 0.78}}]}]}}, {'id': 'Q53342', 'links': {'wikipedia': 'https://en.wikipedia.org/wiki/Mike_Bryan', 'wikidata': 'https://www.wikidata.org/wiki/Q53342'}, 'types': ['Human'], 'overall_sentiment': {'polarity': 'neutral', 'confidence': 0.65}, 'overall_prominence': 0.52, 'overall_frequency': 3, 'body': {'sentiment': {'polarity': 'neutral', 'confidence': 0.65}, 'surface_forms': [{'text': 'Bryan', 'frequency': 3, 'mentions': [{'index': {'start': 480, 'end': 485}, 'sentiment': {'polarity': 'neutral', 'confidence': 0.69}}, {'index': {'start': 3613, 'end': 3618}, 'sentiment': {'polarity': 'neutral', 'confidence': 0.61}}, {'index': {'start': 4895, 'end': 4900}, 'sentiment': {'polarity': 'positive', 'confidence': 0.85}}]}]}}, {'id': 'N81453576036278261239876357927051997403', 'types': ['Human'], 'overall_sentiment': {'polarity': 'neutral', 'confidence': 0.6}, 'overall_prominence': 0.51, 'overall_frequency': 3, 'body': {'sentiment': {'polarity': 'neutral', 'confidence': 0.6}, 'surface_forms': [{'text': 'Tim Barnhart', 'frequency': 3, 'mentions': [{'index': {'start': 490, 'end': 502}, 'sentiment': {'polarity': 'neutral', 'confidence': 0.62}}, {'index': {'start': 2538, 'end': 2550}, 'sentiment': {'polarity': 'positive', 'confidence': 0.5}}, {'index': {'start': 3550, 'end': 3562}, 'sentiment': {'polarity': 'neutral', 'confidence': 0.59}}]}]}}, {'id': 'Q1967350', 'links': {'wikipedia': 'https://en.wikipedia.org/wiki/National_Highway_Traffic_Safety_Administration', 'wikidata': 'https://www.wikidata.org/wiki/Q1967350'}, 'types': ['Government_agency', 'Organization'], 'overall_sentiment': {'polarity': 'neutral', 'confidence': 0.77}, 'overall_prominence': 0.48, 'overall_frequency': 1, 'body': {'sentiment': {'polarity': 'neutral', 'confidence': 0.77}, 'surface_forms': [{'text': 'NHTSA', 'frequency': 1, 'mentions': [{'index': {'start': 302, 'end': 307}, 'sentiment': {'polarity': 'neutral', 'confidence': 0.77}}]}]}}, {'id': 'Q459988', 'links': {'wikipedia': 'https://en.wikipedia.org/wiki/Nicole_Barnhart', 'wikidata': 'https://www.wikidata.org/wiki/Q459988'}, 'types': ['Human'], 'overall_sentiment': {'polarity': 'positive', 'confidence': 0.72}, 'overall_prominence': 0.35, 'overall_frequency': 8, 'body': {'sentiment': {'polarity': 'positive', 'confidence': 0.72}, 'surface_forms': [{'text': 'Barnhart', 'frequency': 8, 'mentions': [{'index': {'start': 1924, 'end': 1932}, 'sentiment': {'polarity': 'positive', 'confidence': 0.8}}, {'index': {'start': 2195, 'end': 2203}, 'sentiment': {'polarity': 'positive', 'confidence': 0.55}}, {'index': {'start': 2862, 'end': 2870}, 'sentiment': {'polarity': 'positive', 'confidence': 0.7}}, {'index': {'start': 3203, 'end': 3211}, 'sentiment': {'polarity': 'neutral', 'confidence': 0.65}}, {'index': {'start': 3336, 'end': 3344}, 'sentiment': {'polarity': 'neutral', 'confidence': 0.47}}, {'index': {'start': 3756, 'end': 3764}, 'sentiment': {'polarity': 'positive', 'confidence': 0.67}}, {'index': {'start': 5229, 'end': 5237}, 'sentiment': {'polarity': 'neutral', 'confidence': 0.57}}, {'index': {'start': 6194, 'end': 6202}, 'sentiment': {'polarity': 'positive', 'confidence': 0.86}}]}]}}, {'id': 'N252516527590791466684991101812421474642', 'types': ['Human'], 'overall_sentiment': {'polarity': 'positive', 'confidence': 0.68}, 'overall_prominence': 0.34, 'overall_frequency': 6, 'body': {'sentiment': {'polarity': 'positive', 'confidence': 0.68}, 'surface_forms': [{'text': 'Barnharts', 'frequency': 6, 'mentions': [{'index': {'start': 701, 'end': 710}, 'sentiment': {'polarity': 'positive', 'confidence': 0.49}}, {'index': {'start': 4022, 'end': 4031}, 'sentiment': {'polarity': 'positive', 'confidence': 0.6}}, {'index': {'start': 4501, 'end': 4510}, 'sentiment': {'polarity': 'neutral', 'confidence': 0.63}}, {'index': {'start': 5518, 'end': 5527}, 'sentiment': {'polarity': 'positive', 'confidence': 0.69}}, {'index': {'start': 5929, 'end': 5938}, 'sentiment': {'polarity': 'negative', 'confidence': 0.68}}, {'index': {'start': 6413, 'end': 6422}, 'sentiment': {'polarity': 'positive', 'confidence': 0.92}}]}]}}, {'id': 'Q1456', 'links': {'wikipedia': 'https://en.wikipedia.org/wiki/South_Carolina', 'wikidata': 'https://www.wikidata.org/wiki/Q1456'}, 'types': ['Location', 'Community', 'State_(polity)', 'U.S._state', 'Organization'], 'overall_sentiment': {'polarity': 'positive', 'confidence': 0.87}, 'overall_prominence': 0.33, 'overall_frequency': 4, 'body': {'sentiment': {'polarity': 'positive', 'confidence': 0.87}, 'surface_forms': [{'text': 'South Carolina', 'frequency': 3, 'mentions': [{'index': {'start': 5013, 'end': 5027}, 'sentiment': {'polarity': 'positive', 'confidence': 0.84}}, {'index': {'start': 5383, 'end': 5397}, 'sentiment': {'polarity': 'positive', 'confidence': 0.91}}, {'index': {'start': 5752, 'end': 5766}, 'sentiment': {'polarity': 'negative', 'confidence': 0.81}}]}, {'text': 'SC', 'frequency': 1, 'mentions': [{'index': {'start': 5621, 'end': 5623}, 'sentiment': {'polarity': 'neutral', 'confidence': 0.51}}]}]}}, {'id': 'N304193573412584307035629059164732072096', 'types': ['Organization'], 'overall_sentiment': {'polarity': 'neutral', 'confidence': 0.54}, 'overall_prominence': 0.32, 'overall_frequency': 3, 'body': {'sentiment': {'polarity': 'neutral', 'confidence': 0.54}, 'surface_forms': [{'text': 'FSD', 'frequency': 3, 'mentions': [{'index': {'start': 1578, 'end': 1581}, 'sentiment': {'polarity': 'neutral', 'confidence': 0.48}}, {'index': {'start': 2616, 'end': 2619}, 'sentiment': {'polarity': 'positive', 'confidence': 0.67}}, {'index': {'start': 3460, 'end': 3463}, 'sentiment': {'polarity': 'neutral', 'confidence': 0.6}}]}]}}, {'id': 'Q1393123', 'links': {'wikipedia': 'https://en.wikipedia.org/wiki/Citizens_(Spanish_political_party)', 'wikidata': 'https://www.wikidata.org/wiki/Q1393123'}, 'types': ['Political_organisation', 'Nonprofit_organization', 'Organization'], 'overall_sentiment': {'polarity': 'positive', 'confidence': 0.85}, 'overall_prominence': 0.31, 'overall_frequency': 2, 'body': {'sentiment': {'polarity': 'positive', 'confidence': 0.85}, 'surface_forms': [{'text': 'Citizens', 'frequency': 2, 'mentions': [{'index': {'start': 4687, 'end': 4695}, 'sentiment': {'polarity': 'positive', 'confidence': 0.87}}, {'index': {'start': 6174, 'end': 6182}, 'sentiment': {'polarity': 'positive', 'confidence': 0.83}}]}]}}, {'id': 'Q30', 'links': {'wikipedia': 'https://en.wikipedia.org/wiki/United_States', 'wikidata': 'https://www.wikidata.org/wiki/Q30'}, 'types': ['Sovereign_state', 'Location', 'Community', 'Country', 'State_(polity)', 'Organization'], 'overall_sentiment': {'polarity': 'neutral', 'confidence': 0.91}, 'overall_prominence': 0.31, 'overall_frequency': 2, 'body': {'sentiment': {'polarity': 'neutral', 'confidence': 0.91}, 'surface_forms': [{'text': 'US', 'frequency': 2, 'mentions': [{'index': {'start': 1135, 'end': 1137}, 'sentiment': {'polarity': 'neutral', 'confidence': 0.91}}, {'index': {'start': 2890, 'end': 2892}, 'sentiment': {'polarity': 'positive', 'confidence': 0.63}}]}]}}, {'id': 'Q220858', 'links': {'wikipedia': 'https://en.wikipedia.org/wiki/Autopilot', 'wikidata': 'https://www.wikidata.org/wiki/Q220858'}, 'overall_sentiment': {'polarity': 'positive', 'confidence': 0.69}, 'overall_prominence': 0.31, 'overall_frequency': 2, 'body': {'sentiment': {'polarity': 'positive', 'confidence': 0.69}, 'surface_forms': [{'text': 'Autopilot', 'frequency': 2, 'mentions': [{'index': {'start': 1586, 'end': 1595}, 'sentiment': {'polarity': 'neutral', 'confidence': 0.53}}, {'index': {'start': 2644, 'end': 2653}, 'sentiment': {'polarity': 'positive', 'confidence': 0.69}}]}]}}, {'id': 'Q312', 'links': {'wikipedia': 'https://en.wikipedia.org/wiki/Apple_Inc.', 'wikidata': 'https://www.wikidata.org/wiki/Q312'}, 'stock_tickers': ['AAPL'], 'types': ['Business', 'Company', 'Organization'], 'overall_sentiment': {'polarity': 'positive', 'confidence': 0.64}, 'overall_prominence': 0.31, 'overall_frequency': 2, 'body': {'sentiment': {'polarity': 'positive', 'confidence': 0.64}, 'surface_forms': [{'text': 'Apple', 'frequency': 2, 'mentions': [{'index': {'start': 1411, 'end': 1416}, 'sentiment': {'polarity': 'positive', 'confidence': 0.59}}, {'index': {'start': 1487, 'end': 1492}, 'sentiment': {'polarity': 'positive', 'confidence': 0.7}}]}]}}, {'id': 'Q1955143', 'links': {'wikipedia': 'https://en.wikipedia.org/wiki/Tim_Finn', 'wikidata': 'https://www.wikidata.org/wiki/Q1955143'}, 'types': ['Human'], 'overall_sentiment': {'polarity': 'negative', 'confidence': 0.91}, 'overall_prominence': 0.31, 'overall_frequency': 2, 'body': {'sentiment': {'polarity': 'negative', 'confidence': 0.91}, 'surface_forms': [{'text': 'Tim', 'frequency': 2, 'mentions': [{'index': {'start': 3969, 'end': 3972}, 'sentiment': {'polarity': 'negative', 'confidence': 0.91}}, {'index': {'start': 4887, 'end': 4890}, 'sentiment': {'polarity': 'positive', 'confidence': 0.81}}]}]}}, {'id': 'Q2238330', 'links': {'wikipedia': 'https://en.wikipedia.org/wiki/Moncks_Corner,_South_Carolina', 'wikidata': 'https://www.wikidata.org/wiki/Q2238330'}, 'types': ['Local_government', 'Corporation', 'Location', 'Political_organisation', 'Government', 'Community', 'Company', 'Organization'], 'overall_sentiment': {'polarity': 'positive', 'confidence': 0.85}, 'overall_prominence': 0.31, 'overall_frequency': 2, 'body': {'sentiment': {'polarity': 'positive', 'confidence': 0.85}, 'surface_forms': [{'text': 'Moncks Corner', 'frequency': 2, 'mentions': [{'index': {'start': 5606, 'end': 5619}, 'sentiment': {'polarity': 'neutral', 'confidence': 0.58}}, {'index': {'start': 6148, 'end': 6161}, 'sentiment': {'polarity': 'positive', 'confidence': 0.85}}]}]}}, {'id': 'N301962311523458950060224028995176311484', 'types': ['Human'], 'overall_sentiment': {'polarity': 'neutral', 'confidence': 0.88}, 'overall_prominence': 0.02, 'overall_frequency': 1, 'body': {'sentiment': {'polarity': 'neutral', 'confidence': 0.88}, 'surface_forms': [{'text': 'Jet Park Warehousing', 'frequency': 1, 'mentions': [{'index': {'start': 1159, 'end': 1179}, 'sentiment': {'polarity': 'neutral', 'confidence': 0.88}}]}]}}, {'id': 'Q7058048', 'links': {'wikipedia': 'https://en.wikipedia.org/wiki/Northeastern_Pennsylvania', 'wikidata': 'https://www.wikidata.org/wiki/Q7058048'}, 'types': ['Location'], 'overall_sentiment': {'polarity': 'positive', 'confidence': 0.84}, 'overall_prominence': 0.02, 'overall_frequency': 1, 'body': {'sentiment': {'polarity': 'positive', 'confidence': 0.84}, 'surface_forms': [{'text': 'Northeast Pennsylvania', 'frequency': 1, 'mentions': [{'index': {'start': 4160, 'end': 4182}, 'sentiment': {'polarity': 'positive', 'confidence': 0.84}}]}]}}, {'id': 'N333200943376636864521336658092999312719', 'types': ['Organization'], 'overall_sentiment': {'polarity': 'neutral', 'confidence': 0.88}, 'overall_prominence': 0.02, 'overall_frequency': 1, 'body': {'sentiment': {'polarity': 'neutral', 'confidence': 0.88}, 'surface_forms': [{'text': 'Lake Shore Logistics', 'frequency': 1, 'mentions': [{'index': {'start': 1044, 'end': 1064}, 'sentiment': {'polarity': 'neutral', 'confidence': 0.88}}]}]}}, {'id': 'N36312419576861587276844519774777242850', 'types': ['Organization'], 'overall_sentiment': {'polarity': 'positive', 'confidence': 0.86}, 'overall_prominence': 0.02, 'overall_frequency': 1, 'body': {'sentiment': {'polarity': 'positive', 'confidence': 0.86}, 'surface_forms': [{'text': 'Verity Venture Partners', 'frequency': 1, 'mentions': [{'index': {'start': 2054, 'end': 2077}, 'sentiment': {'polarity': 'positive', 'confidence': 0.86}}]}]}}, {'id': 'N199555870841678693264264719315103034227', 'types': ['Organization'], 'overall_sentiment': {'polarity': 'neutral', 'confidence': 0.5}, 'overall_prominence': 0.02, 'overall_frequency': 1, 'body': {'sentiment': {'polarity': 'neutral', 'confidence': 0.5}, 'surface_forms': [{'text': 'Barnhart Transportation It', 'frequency': 1, 'mentions': [{'index': {'start': 3396, 'end': 3422}, 'sentiment': {'polarity': 'neutral', 'confidence': 0.5}}]}]}}, {'id': 'Q5020431', 'links': {'wikipedia': 'https://en.wikipedia.org/wiki/California_Department_of_Motor_Vehicles', 'wikidata': 'https://www.wikidata.org/wiki/Q5020431'}, 'types': ['Government_agency', 'Organization'], 'overall_sentiment': {'polarity': 'positive', 'confidence': 0.76}, 'overall_prominence': 0.02, 'overall_frequency': 1, 'body': {'sentiment': {'polarity': 'positive', 'confidence': 0.76}, 'surface_forms': [{'text': 'California Department of Motor Vehicles', 'frequency': 1, 'mentions': [{'index': {'start': 3693, 'end': 3732}, 'sentiment': {'polarity': 'positive', 'confidence': 0.76}}]}]}}, {'id': 'N322690217350393053149752660407081387283', 'types': ['Organization'], 'overall_sentiment': {'polarity': 'positive', 'confidence': 0.92}, 'overall_prominence': 0.02, 'overall_frequency': 1, 'body': {'sentiment': {'polarity': 'positive', 'confidence': 0.92}, 'surface_forms': [{'text': 'Barnhart Transportation Together', 'frequency': 1, 'mentions': [{'index': {'start': 4758, 'end': 4790}, 'sentiment': {'polarity': 'positive', 'confidence': 0.92}}]}]}}, {'id': 'Q16', 'links': {'wikipedia': 'https://en.wikipedia.org/wiki/Canada', 'wikidata': 'https://www.wikidata.org/wiki/Q16'}, 'types': ['Sovereign_state', 'Location', 'Community', 'Country', 'State_(polity)', 'Organization'], 'overall_sentiment': {'polarity': 'neutral', 'confidence': 0.9}, 'overall_prominence': 0.02, 'overall_frequency': 1, 'body': {'sentiment': {'polarity': 'neutral', 'confidence': 0.9}, 'surface_forms': [{'text': 'Canada', 'frequency': 1, 'mentions': [{'index': {'start': 1139, 'end': 1145}, 'sentiment': {'polarity': 'neutral', 'confidence': 0.9}}]}]}}, {'id': 'Q16895965', 'links': {'wikipedia': 'https://en.wikipedia.org/wiki/Northwestern_Pennsylvania', 'wikidata': 'https://www.wikidata.org/wiki/Q16895965'}, 'types': ['Location', 'Organization', 'Community'], 'overall_sentiment': {'polarity': 'positive', 'confidence': 0.82}, 'overall_prominence': 0.02, 'overall_frequency': 1, 'body': {'sentiment': {'polarity': 'positive', 'confidence': 0.82}, 'surface_forms': [{'text': 'Northwest Pennsylvania', 'frequency': 1, 'mentions': [{'index': {'start': 5306, 'end': 5328}, 'sentiment': {'polarity': 'positive', 'confidence': 0.82}}]}]}}, {'id': 'N244652487242169854471188421018707935260', 'types': ['Location'], 'overall_sentiment': {'polarity': 'neutral', 'confidence': 0.55}, 'overall_prominence': 0.02, 'overall_frequency': 1, 'body': {'sentiment': {'polarity': 'neutral', 'confidence': 0.55}, 'surface_forms': [{'text': 'Teslas', 'frequency': 1, 'mentions': [{'index': {'start': 2927, 'end': 2933}, 'sentiment': {'polarity': 'neutral', 'confidence': 0.55}}]}]}}, {'id': 'Q1439', 'links': {'wikipedia': 'https://en.wikipedia.org/wiki/Texas', 'wikidata': 'https://www.wikidata.org/wiki/Q1439'}, 'types': ['Location', 'Community', 'State_(polity)', 'U.S._state', 'Organization'], 'overall_sentiment': {'polarity': 'positive', 'confidence': 0.91}, 'overall_prominence': 0.02, 'overall_frequency': 1, 'body': {'sentiment': {'polarity': 'positive', 'confidence': 0.91}, 'surface_forms': [{'text': 'Texas', 'frequency': 1, 'mentions': [{'index': {'start': 5402, 'end': 5407}, 'sentiment': {'polarity': 'positive', 'confidence': 0.91}}]}]}}, {'id': 'N185277694700474590286068686492357294496', 'types': ['Location'], 'overall_sentiment': {'polarity': 'positive', 'confidence': 0.85}, 'overall_prominence': 0.02, 'overall_frequency': 1, 'body': {'sentiment': {'polarity': 'positive', 'confidence': 0.85}, 'surface_forms': [{'text': 'East Coast', 'frequency': 1, 'mentions': [{'index': {'start': 5182, 'end': 5192}, 'sentiment': {'polarity': 'positive', 'confidence': 0.85}}]}]}}, {'id': 'N123131510734650929444370927963665604845', 'types': ['Organization'], 'overall_sentiment': {'polarity': 'negative', 'confidence': 0.75}, 'overall_prominence': 0.02, 'overall_frequency': 1, 'body': {'sentiment': {'polarity': 'negative', 'confidence': 0.75}, 'surface_forms': [{'text': 'Barnhart Transportation Barnhart Transportation Show', 'frequency': 1, 'mentions': [{'index': {'start': 5867, 'end': 5919}, 'sentiment': {'polarity': 'negative', 'confidence': 0.75}}]}]}}, {'id': 'Q158322', 'links': {'wikipedia': 'https://en.wikipedia.org/wiki/Stern_(magazine)', 'wikidata': 'https://www.wikidata.org/wiki/Q158322'}, 'types': ['Business', 'Newspaper', 'Product_(business)', 'Organization'], 'overall_sentiment': {'polarity': 'positive', 'confidence': 0.78}, 'overall_prominence': 0.02, 'overall_frequency': 1, 'body': {'sentiment': {'polarity': 'positive', 'confidence': 0.78}, 'surface_forms': [{'text': 'Stern', 'frequency': 1, 'mentions': [{'index': {'start': 1381, 'end': 1386}, 'sentiment': {'polarity': 'positive', 'confidence': 0.78}}]}]}}, {'id': 'Q96', 'links': {'wikipedia': 'https://en.wikipedia.org/wiki/Mexico', 'wikidata': 'https://www.wikidata.org/wiki/Q96'}, 'types': ['Sovereign_state', 'Location', 'Community', 'Country', 'State_(polity)', 'Organization'], 'overall_sentiment': {'polarity': 'neutral', 'confidence': 0.9}, 'overall_prominence': 0.02, 'overall_frequency': 1, 'body': {'sentiment': {'polarity': 'neutral', 'confidence': 0.9}, 'surface_forms': [{'text': 'Mexico', 'frequency': 1, 'mentions': [{'index': {'start': 1151, 'end': 1157}, 'sentiment': {'polarity': 'neutral', 'confidence': 0.9}}]}]}}, {'id': 'Q47716', 'links': {'wikipedia': 'https://en.wikipedia.org/wiki/Charleston,_South_Carolina', 'wikidata': 'https://www.wikidata.org/wiki/Q47716'}, 'types': ['Local_government', 'Corporation', 'Location', 'Political_organisation', 'City', 'Government', 'Community', 'Company', 'Organization'], 'overall_sentiment': {'polarity': 'positive', 'confidence': 0.83}, 'overall_prominence': 0.02, 'overall_frequency': 1, 'body': {'sentiment': {'polarity': 'positive', 'confidence': 0.83}, 'surface_forms': [{'text': 'Charleston', 'frequency': 1, 'mentions': [{'index': {'start': 5001, 'end': 5011}, 'sentiment': {'polarity': 'positive', 'confidence': 0.83}}]}]}}, {'id': 'N12990472748181955655320072455986844754', 'types': ['Location'], 'overall_sentiment': {'polarity': 'positive', 'confidence': 0.55}, 'overall_prominence': 0.02, 'overall_frequency': 1, 'body': {'sentiment': {'polarity': 'positive', 'confidence': 0.55}, 'surface_forms': [{'text': 'Lake Shore Global Solutions', 'frequency': 1, 'mentions': [{'index': {'start': 1240, 'end': 1267}, 'sentiment': {'polarity': 'positive', 'confidence': 0.55}}]}]}}, {'id': 'N303502303549162288110956896385335059013', 'types': ['Human'], 'overall_sentiment': {'polarity': 'neutral', 'confidence': 0.55}, 'overall_prominence': 0.02, 'overall_frequency': 1, 'body': {'sentiment': {'polarity': 'neutral', 'confidence': 0.55}, 'surface_forms': [{'text': 'To Tim', 'frequency': 1, 'mentions': [{'index': {'start': 3602, 'end': 3608}, 'sentiment': {'polarity': 'neutral', 'confidence': 0.55}}]}]}}]","['#Venture', '#ThirdpartyLogistics', '#TeslaInc', '#TerrestrialTelevision', '#TelephoneCompany', '#Tank', '#SteeringWheel', '#SouthCarolina', '#Pest', '#Pennsylvania', '#Pandemic', '#NationalHighwayTrafficSafetyAdministration', '#NHTSA', '#MoncksCornerSouthCarolina', '#Mexico', '#Logistics', '#Landfill', '#IndependentContractor', '#HealthCare', '#FreightForwarder', '#EastCoastOfTheUnitedStates', '#DangerousGoods', '#CustomerService', '#ChiefExecutiveOfficer', '#CharlestonSouthCarolina', '#Canada', '#California', '#CEO', '#Autopilot', '#AppleTV', '#AppleInc', '#AdvancedDriverassistanceSystems']",5191588162,"['pandemic', 'US', 'South Carolina', 'Teslas', 'Autopilot', 'Texas', 'FSD', 'California', 'CEO', 'Tim said.""But', 'logistics', 'Insider', 'Bryan', 'third-party logistics', 'Venture', 'over-the-air', 'Northwest Pennsylvania', 'Mexico', 'company', 'CitizensBank', 'SC', 'Tim Barnhart', 'Tim', 'customer', 'carrier network', 'freight forwarding', 'customers', 'tank', 'Associated Press', 'NHTSA', 'service', 'Transportation', 'Citizens', 'clear.""It', 'Northeast Pennsylvania', 'Pennsylvania', 'Moncks Corner', 'Apple', 'Charleston', 'steering wheel', 'Canada', 'Tesla', 'healthcare', 'Apple TV', 'hazardous materials', 'expansion', 'customer service', 'Barnhart', 'Barnharts', 'independent contractors', 'Stern', 'To Tim', 'Barnhart Transportation', 'East Coast', 'dumping ground']",en,"{'permalink': 'https://headtopics.com/us/how-a-small-trucking-company-turned-into-an-80m-global-business-33949037', 'clusters': '/stories?clusters[]=427173658'}",10,2023-01-11T23:24:14Z,46,"{'body': {'polarity': 'positive', 'score': 0.85}, 'title': {'polarity': 'negative', 'score': 0.46}}","{'domain': 'headtopics.com', 'home_page_url': 'https://www.headtopics.com/', 'id': 116264, 'locations': [{'country': 'US'}, {'country': 'MY'}], 'name': 'Head Topics', 'scopes': [{'country': 'US'}]}","{'sentences': [""Here's how Barnhart Transportation grew into one of the best one-stop logistics companies CitizensBank ad\n Insider tells the global tech, finance, markets, media, healthcare, and strategy stories you want to know.\n  "", 'Starting with only two trucks, brothers Bryan and Tim Barnhart grew the family business from a small transportation company into a third-party logistics provider offering customized transportation solutions to customers across the globe.', 'And because Citizens, much like Barnhart, values supporting business growth projects in their communities, they helped fund the expansion — now slated for an official grand opening in January 2023.Living by their motto,""Driven By You,"" has helped the Barnharts meet the needs of their customers, drivers, and employees.', 'The Barnhart team encompasses 60 company drivers, 110 independent contractors, and 70 staff members — all working together to ensure the Barnhart name is associated with excellent customer service.', ""Through it all, the company's ability to diversify itself and stalwart dedication to being an always-say-yes company for its customers earned Barnhart a spot in the transportation industry's big leagues.""]}",How a small trucking company turned into an $80M global business,1051,0,[{'url': 'https://headtopics.com'}]
{'id': 3035168},"the , masking expansion possibilities, marketplace building doable, profitability, provide and insist, and different necessary topics. The marketplace analysts and researchers have carried out in depth evaluation of the worldwide Private Loans marketplace with the assistance of analysis methodologies comparable to PESTLE and Porter's 5 Forces evaluation. They have got equipped correct and dependable marketplace information and helpful suggestions with an goal to assist the gamers acquire an perception into the whole provide and long term marketplace state of affairs. The record incorporates in-depth find out about of the possible segments together with product kind, software, and finish consumer and their contribution to the whole marketplace dimension. As well as, marketplace revenues in keeping with area and nation are equipped within the record. The authors of the record have additionally make clear the average trade techniques followed via gamers. The main gamers of the worldwide Private Loans marketplace and their whole profiles are integrated within the record. But even so that, funding alternatives, suggestions, and tendencies which are trending at this time within the international Private Loans marketplace are mapped via the record. With the assistance of this record, the important thing gamers of the worldwide Private Loans marketplace will be capable of make sound choices and plan their methods accordingly to stick forward of the curve. Aggressive Panorama Research : Aggressive panorama is a vital side each key participant must be conversant in. The record throws gentle at the aggressive state of affairs of the worldwide Private Loans marketplace to understand the contest at each the home and international ranges. Marketplace mavens have additionally presented the description of each main participant of the worldwide Private Loans marketplace, bearing in mind the important thing facets comparable to spaces of operation, manufacturing, and product portfolio. Moreover, corporations within the record are studied in keeping with the important thing components comparable to corporate dimension, marketplace percentage, marketplace expansion, earnings, manufacturing quantity, and income. Get PDF template of this record: https://www.qyresearch.com/sample-form/kind/1077299/global-personal-loans-market Private Loans Marketplace Main Gamers : LightStream ,SoFi ,Voters Financial institution ,Marcus ,FreedomPlus ,Payoff ,OneMain Monetary ,Avant ,Prosper ,Lending Membership ,Perfect Egg ,Earnest ,Payoff ,Earnin Marketplace Segmentation: The record has been segregated in keeping with distinct classes, comparable to product kind, software, finish consumer, and area. Every phase is evaluated at the foundation of CAGR, percentage, and expansion doable. Within the regional evaluation, the record highlights the potential area, which is estimated to generate alternatives within the international Private Loans marketplace within the drawing close years. This segmental evaluation will indisputably develop into a great tool for the readers, stakeholders, and marketplace contributors to get a whole image of the worldwide Private Loans marketplace and its doable to develop within the future years. Desk of Contents : Government Abstract: It comprises key tendencies of the worldwide Private Loans marketplace associated with merchandise, programs, and different a very powerful components. It additionally supplies evaluation of the aggressive panorama and CAGR and marketplace dimension of the worldwide Private Loans marketplace in keeping with manufacturing and earnings. Manufacturing and Intake via Area: It covers all regional markets targeted within the analysis find out about. It discusses about costs and key gamers but even so manufacturing and intake in each and every regional marketplace. Key Gamers: Right here, the record throws gentle on monetary ratios, pricing construction, manufacturing price, gross benefit, gross sales quantity, earnings, and gross margin of main and distinguished corporations competing within the international Private Loans marketplace. Marketplace Segments: This a part of the record discusses about product kind and alertness segments of the worldwide Private Loans marketplace in keeping with marketplace percentage, CAGR, marketplace dimension, and more than a few different components. Analysis Method: This phase discusses in regards to the analysis technique and method used to organize the record. It covers information triangulation, marketplace breakdown, marketplace dimension estimation, and analysis design and/or systems. Highlights of the Document:  The record gives a extensive figuring out of the buyer habits and expansion patterns of the worldwide Private Loans marketplace  The record sheds gentle at the profitable trade possibilities referring to the worldwide Private Loans marketplace  The readers will acquire an perception into the impending merchandise and similar inventions within the international Private Loans marketplace  The record supplies information about the important thing strategic tasks followed via the important thing gamers functioning within the international Private Loans marketplace  The authors of the record have scrutinized the segments bearing in mind their profitability, marketplace call for, gross sales earnings, manufacturing, and expansion doable  Within the geographical evaluation, the record examines the present marketplace trends in more than a few areas and international locations Get Whole World Private Loans Marketplace Document for your Inbox inside 24 hours at USD 3,350 The record is an ideal instance of an in depth and meticulously ready analysis find out about at the international Private Loans marketplace. It may be custom designed as in keeping with the necessities of the customer. It now not best caters to marketplace gamers but in addition stakeholders and key choice makers searching for in depth analysis and evaluation at the international Private Loans marketplace.”””","[{'id': 'IAB21-3', 'label': 'Buying/Selling Homes', 'score': 0.39, 'links': {'parents': ['https://api.aylien.com/api/v1/classify/taxonomy/iab-qag/IAB21'], 'self': 'https://api.aylien.com/api/v1/classify/taxonomy/iab-qag/IAB21-3'}}, {'id': 'IAB26-4', 'label': 'Copyright Infringement', 'score': 0.36, 'links': {'parents': ['https://api.aylien.com/api/v1/classify/taxonomy/iab-qag/IAB26'], 'self': 'https://api.aylien.com/api/v1/classify/taxonomy/iab-qag/IAB26-4'}}, {'id': 'IAB10-5', 'label': 'Home Repair', 'score': 0.21, 'links': {'parents': ['https://api.aylien.com/api/v1/classify/taxonomy/iab-qag/IAB10'], 'self': 'https://api.aylien.com/api/v1/classify/taxonomy/iab-qag/IAB10-5'}}, {'id': 'IAB3-10', 'label': 'Logistics', 'score': 0.13, 'links': {'parents': ['https://api.aylien.com/api/v1/classify/taxonomy/iab-qag/IAB3'], 'self': 'https://api.aylien.com/api/v1/classify/taxonomy/iab-qag/IAB3-10'}}, {'id': 'IAB13-6', 'label': 'Insurance', 'score': 0.11, 'links': {'parents': ['https://api.aylien.com/api/v1/classify/taxonomy/iab-qag/IAB13'], 'self': 'https://api.aylien.com/api/v1/classify/taxonomy/iab-qag/IAB13-6'}}, {'id': 'IAB3', 'label': 'Business', 'score': 0.06, 'links': {'self': 'https://api.aylien.com/api/v1/classify/taxonomy/iab-qag/IAB3'}}, {'id': 'IAB13', 'label': 'Personal Finance', 'score': 0.06, 'links': {'self': 'https://api.aylien.com/api/v1/classify/taxonomy/iab-qag/IAB13'}}, {'id': 'IAB21', 'label': 'Real Estate', 'score': 0.05, 'links': {'self': 'https://api.aylien.com/api/v1/classify/taxonomy/iab-qag/IAB21'}}, {'id': 'IAB10', 'label': 'Home & Garden', 'score': 0.05, 'links': {'self': 'https://api.aylien.com/api/v1/classify/taxonomy/iab-qag/IAB10'}}, {'id': 'IAB26', 'score': 0.05, 'links': {'self': 'https://api.aylien.com/api/v1/classify/taxonomy/iab-qag/IAB26'}}, {'id': 'IAB9', 'label': 'Hobbies & Interests', 'score': 0.05, 'links': {'self': 'https://api.aylien.com/api/v1/classify/taxonomy/iab-qag/IAB9'}}, {'id': 'IAB9-4', 'label': 'Birdwatching', 'score': 0.05, 'links': {'parents': ['https://api.aylien.com/api/v1/classify/taxonomy/iab-qag/IAB9'], 'self': 'https://api.aylien.com/api/v1/classify/taxonomy/iab-qag/IAB9-4'}}, {'id': '04011000', 'label': 'manufacturing and engineering', 'score': 0.02, 'links': {'parents': ['https://api.aylien.com/api/v1/classify/taxonomy/iptc-subjectcode/04000000'], 'self': 'https://api.aylien.com/api/v1/classify/taxonomy/iptc-subjectcode/04011000'}}, {'id': 'ay.appsci', 'label': 'Science and Technology', 'score': 1, 'links': {'self': 'https://api.aylien.com/api/v1/classify/taxonomy/aylien/ay.appsci'}}, {'id': 'ay.appsci.research', 'label': 'Scientific Research', 'score': 1, 'links': {'parents': ['https://api.aylien.com/api/v1/classify/taxonomy/aylien/ay.appsci'], 'self': 'https://api.aylien.com/api/v1/classify/taxonomy/aylien/ay.appsci.research'}}]",,6048,[164323150],"[{'id': 'Q17020720', 'links': {'wikipedia': 'https://en.wikipedia.org/wiki/SoFi', 'wikidata': 'https://www.wikidata.org/wiki/Q17020720'}, 'types': ['Organization', 'Privately_held_company'], 'overall_sentiment': {'polarity': 'positive', 'confidence': 0.63}, 'overall_prominence': 0.98, 'overall_frequency': 2, 'body': {'sentiment': {'polarity': 'positive', 'confidence': 0.72}, 'surface_forms': [{'text': 'SoFi', 'frequency': 1, 'mentions': [{'index': {'start': 2398, 'end': 2402}, 'sentiment': {'polarity': 'positive', 'confidence': 0.7154556}}]}]}, 'title': {'sentiment': {'polarity': 'positive', 'confidence': 0.55}, 'surface_forms': [{'text': 'SoFi', 'frequency': 1, 'mentions': [{'index': {'start': 96, 'end': 100}, 'sentiment': {'polarity': 'positive', 'confidence': 0.5519518}}]}]}}, {'id': 'N68894111042318866618187893831164722598', 'types': ['Organization'], 'overall_sentiment': {'polarity': 'positive', 'confidence': 0.64}, 'overall_prominence': 0.88, 'overall_frequency': 1, 'title': {'sentiment': {'polarity': 'positive', 'confidence': 0.64}, 'surface_forms': [{'text': 'Main Gamers| SoFi', 'frequency': 1, 'mentions': [{'index': {'start': 83, 'end': 100}, 'sentiment': {'polarity': 'positive', 'confidence': 0.6357006}}]}]}}, {'id': 'N198478276415683860021400364771998075562', 'types': ['Organization'], 'overall_sentiment': {'polarity': 'positive', 'confidence': 0.63}, 'overall_prominence': 0.85, 'overall_frequency': 1, 'title': {'sentiment': {'polarity': 'positive', 'confidence': 0.63}, 'surface_forms': [{'text': 'CitizensBank', 'frequency': 1, 'mentions': [{'index': {'start': 102, 'end': 114}, 'sentiment': {'polarity': 'positive', 'confidence': 0.62852013}}]}]}}, {'id': 'Q1422850', 'links': {'wikipedia': 'https://en.wikipedia.org/wiki/Compound_annual_growth_rate', 'wikidata': 'https://www.wikidata.org/wiki/Q1422850'}, 'overall_sentiment': {'polarity': 'neutral', 'confidence': 0.57}, 'overall_prominence': 0.36, 'overall_frequency': 3, 'body': {'sentiment': {'polarity': 'neutral', 'confidence': 0.57}, 'surface_forms': [{'text': 'CAGR', 'frequency': 3, 'mentions': [{'index': {'start': 2756, 'end': 2760}, 'sentiment': {'polarity': 'neutral', 'confidence': 0.5748769}}, {'index': {'start': 3501, 'end': 3505}, 'sentiment': {'polarity': 'positive', 'confidence': 0.4802276}}, {'index': {'start': 4307, 'end': 4311}, 'sentiment': {'polarity': 'positive', 'confidence': 0.5437971}}]}]}}, {'id': 'Q215120', 'links': {'wikipedia': 'https://en.wikipedia.org/wiki/Cole_Porter', 'wikidata': 'https://www.wikidata.org/wiki/Q215120'}, 'types': ['Human'], 'overall_sentiment': {'polarity': 'neutral', 'confidence': 0.64}, 'overall_prominence': 0.35, 'overall_frequency': 1, 'body': {'sentiment': {'polarity': 'neutral', 'confidence': 0.64}, 'surface_forms': [{'text': 'Porter', 'frequency': 1, 'mentions': [{'index': {'start': 327, 'end': 333}, 'sentiment': {'polarity': 'neutral', 'confidence': 0.6397731}}]}]}}, {'id': 'N100361006201248816238636374295143081753', 'types': ['Human'], 'overall_sentiment': {'polarity': 'positive', 'confidence': 0.78}, 'overall_prominence': 0.34, 'overall_frequency': 2, 'body': {'sentiment': {'polarity': 'positive', 'confidence': 0.78}, 'surface_forms': [{'text': 'Payoff', 'frequency': 2, 'mentions': [{'index': {'start': 2455, 'end': 2461}, 'sentiment': {'polarity': 'positive', 'confidence': 0.77351815}}, {'index': {'start': 2539, 'end': 2545}, 'sentiment': {'polarity': 'positive', 'confidence': 0.77864176}}]}]}}, {'id': 'N75239440388443850717145926366524777646', 'types': ['Organization'], 'overall_sentiment': {'polarity': 'positive', 'confidence': 0.6}, 'overall_prominence': 0.34, 'overall_frequency': 2, 'body': {'sentiment': {'polarity': 'positive', 'confidence': 0.6}, 'surface_forms': [{'text': 'Aggressive', 'frequency': 2, 'mentions': [{'index': {'start': 1472, 'end': 1482}, 'sentiment': {'polarity': 'positive', 'confidence': 0.5342112}}, {'index': {'start': 1503, 'end': 1513}, 'sentiment': {'polarity': 'positive', 'confidence': 0.6559208}}]}]}}, {'id': 'N250983755273379936662493562357178280145', 'types': ['Organization'], 'overall_sentiment': {'polarity': 'positive', 'confidence': 0.52}, 'overall_prominence': 0.02, 'overall_frequency': 1, 'body': {'sentiment': {'polarity': 'positive', 'confidence': 0.52}, 'surface_forms': [{'text': 'PDF', 'frequency': 1, 'mentions': [{'index': {'start': 2235, 'end': 2238}, 'sentiment': {'polarity': 'positive', 'confidence': 0.5154462}}]}]}}, {'id': 'Q454652', 'links': {'wikipedia': 'https://en.wikipedia.org/wiki/Prosper_of_Aquitaine', 'wikidata': 'https://www.wikidata.org/wiki/Q454652'}, 'types': ['Human'], 'overall_sentiment': {'polarity': 'positive', 'confidence': 0.78}, 'overall_prominence': 0.02, 'overall_frequency': 1, 'body': {'sentiment': {'polarity': 'positive', 'confidence': 0.78}, 'surface_forms': [{'text': 'Prosper', 'frequency': 1, 'mentions': [{'index': {'start': 2488, 'end': 2495}, 'sentiment': {'polarity': 'positive', 'confidence': 0.7822425}}]}]}}, {'id': 'Q1430', 'links': {'wikipedia': 'https://en.wikipedia.org/wiki/Marcus_Aurelius', 'wikidata': 'https://www.wikidata.org/wiki/Q1430'}, 'types': ['Human'], 'overall_sentiment': {'polarity': 'positive', 'confidence': 0.78}, 'overall_prominence': 0.02, 'overall_frequency': 1, 'body': {'sentiment': {'polarity': 'positive', 'confidence': 0.78}, 'surface_forms': [{'text': 'Marcus', 'frequency': 1, 'mentions': [{'index': {'start': 2434, 'end': 2440}, 'sentiment': {'polarity': 'positive', 'confidence': 0.78493184}}]}]}}, {'id': 'N182177498847300185087349439265945605201', 'types': ['Organization'], 'overall_sentiment': {'polarity': 'neutral', 'confidence': 0.43}, 'overall_prominence': 0.02, 'overall_frequency': 1, 'body': {'sentiment': {'polarity': 'neutral', 'confidence': 0.43}, 'surface_forms': [{'text': 'Aggressive Panorama Research', 'frequency': 1, 'mentions': [{'index': {'start': 1472, 'end': 1500}, 'sentiment': {'polarity': 'neutral', 'confidence': 0.42640528}}]}]}}, {'id': 'N72319109659126712260166114234387656818', 'types': ['Organization'], 'overall_sentiment': {'polarity': 'positive', 'confidence': 0.57}, 'overall_prominence': 0.02, 'overall_frequency': 1, 'body': {'sentiment': {'polarity': 'positive', 'confidence': 0.57}, 'surface_forms': [{'text': 'Desk of Contents : Government Abstract', 'frequency': 1, 'mentions': [{'index': {'start': 3242, 'end': 3280}, 'sentiment': {'polarity': 'positive', 'confidence': 0.5686082}}]}]}}, {'id': 'N302178622210047547108970681927238958676', 'types': ['Organization'], 'overall_sentiment': {'polarity': 'positive', 'confidence': 0.78}, 'overall_prominence': 0.02, 'overall_frequency': 1, 'body': {'sentiment': {'polarity': 'positive', 'confidence': 0.78}, 'surface_forms': [{'text': 'FreedomPlus', 'frequency': 1, 'mentions': [{'index': {'start': 2442, 'end': 2453}, 'sentiment': {'polarity': 'positive', 'confidence': 0.77553684}}]}]}}, {'id': 'N73763134801302771372828405536529203622', 'types': ['Organization'], 'overall_sentiment': {'polarity': 'positive', 'confidence': 0.72}, 'overall_prominence': 0.02, 'overall_frequency': 1, 'body': {'sentiment': {'polarity': 'positive', 'confidence': 0.72}, 'surface_forms': [{'text': 'LightStream', 'frequency': 1, 'mentions': [{'index': {'start': 2385, 'end': 2396}, 'sentiment': {'polarity': 'positive', 'confidence': 0.7155886}}]}]}}, {'id': 'N70566037917424233556002601516324550805', 'types': ['Human'], 'overall_sentiment': {'polarity': 'positive', 'confidence': 0.76}, 'overall_prominence': 0.02, 'overall_frequency': 1, 'body': {'sentiment': {'polarity': 'positive', 'confidence': 0.76}, 'surface_forms': [{'text': 'Main Gamers', 'frequency': 1, 'mentions': [{'index': {'start': 2371, 'end': 2382}, 'sentiment': {'polarity': 'positive', 'confidence': 0.7649149}}]}]}}, {'id': 'Q724485', 'links': {'wikipedia': 'https://en.wikipedia.org/wiki/Avant_(singer)', 'wikidata': 'https://www.wikidata.org/wiki/Q724485'}, 'types': ['Human'], 'overall_sentiment': {'polarity': 'positive', 'confidence': 0.78}, 'overall_prominence': 0.02, 'overall_frequency': 1, 'body': {'sentiment': {'polarity': 'positive', 'confidence': 0.78}, 'surface_forms': [{'text': 'Avant', 'frequency': 1, 'mentions': [{'index': {'start': 2481, 'end': 2486}, 'sentiment': {'polarity': 'positive', 'confidence': 0.7828496}}]}]}}, {'id': 'N17195741892969873057647860500133698248', 'types': ['Organization'], 'overall_sentiment': {'polarity': 'neutral', 'confidence': 0.74}, 'overall_prominence': 0.02, 'overall_frequency': 1, 'body': {'sentiment': {'polarity': 'neutral', 'confidence': 0.74}, 'surface_forms': [{'text': 'Intake', 'frequency': 1, 'mentions': [{'index': {'start': 3637, 'end': 3643}, 'sentiment': {'polarity': 'neutral', 'confidence': 0.7432785}}]}]}}, {'id': 'N338943518899109059120410491585432098654', 'types': ['Human'], 'overall_sentiment': {'polarity': 'neutral', 'confidence': 0.58}, 'overall_prominence': 0.02, 'overall_frequency': 1, 'body': {'sentiment': {'polarity': 'neutral', 'confidence': 0.58}, 'surface_forms': [{'text': 'Analysis Method', 'frequency': 1, 'mentions': [{'index': {'start': 4378, 'end': 4393}, 'sentiment': {'polarity': 'neutral', 'confidence': 0.57809305}}]}]}}, {'id': 'N61832970755043859446645702449326746400', 'types': ['Location'], 'overall_sentiment': {'polarity': 'positive', 'confidence': 0.77}, 'overall_prominence': 0.02, 'overall_frequency': 1, 'body': {'sentiment': {'polarity': 'positive', 'confidence': 0.77}, 'surface_forms': [{'text': 'OneMain', 'frequency': 1, 'mentions': [{'index': {'start': 2463, 'end': 2470}, 'sentiment': {'polarity': 'positive', 'confidence': 0.770506}}]}]}}]","['#Dimension', '#CAGR', '#CompoundAnnualGrowthRate', '#PESTLE', '#PESTAnalysis', '#Panorama', '#FinancialInstitution', '#GrossMargin', '#Triangulation', '#USD', '#UnitedStatesDollar']",3172895201,"['alternatives', 'Expansion', 'Trade', 'Main', 'Gamers', 'Dimension', 'Marketplace', 'SoFi', 'Loans', 'CitizensBank', 'Private', 'FreedomPlus', 'marketplace gamers', 'marketplace', 'record', 'evaluation', 'gamers', 'analysis', 'worldwide', 'international', 'Payoff', 'comparable', 'segments', 'area', 'main', 'Monetary', 'expansion', 'doable', 'depth', 'Financial institution', 'triangulation', 'Panorama', 'USD', 'PESTLE', 'CAGR', 'gross margin', 'dimension']",en,"{'permalink': 'https://bulletinline.com/2021/01/13/private-loans-marketplace-dimension-trade-standing-and-expansion-alternatives-for-main-gamers-sofi-citizensbank-freedomplus/', 'clusters': '/stories?clusters[]=164323150'}",1,2021-01-13T13:45:15Z,29,"{'body': {'polarity': 'positive', 'score': 0.926238}, 'title': {'polarity': 'neutral', 'score': 0.98387}}","{'domain': 'bulletinline.com', 'home_page_url': 'https://bulletinline.com/', 'id': 116273, 'locations': [{'country': 'PA'}], 'logo_url': '', 'name': 'Bulletin Line', 'rankings': {'alexa': [{'fetched_at': '2020-11-13T02:39:43.46789112Z', 'rank': 30505}, {'country': 'IN', 'fetched_at': '2020-11-13T02:39:43.46789112Z', 'rank': 16646}, {'country': 'BD', 'fetched_at': '2020-11-13T02:39:43.46789112Z', 'rank': 18995}, {'country': 'US', 'fetched_at': '2020-11-13T02:39:43.46789112Z', 'rank': 123179}, {'country': 'IR', 'fetched_at': '2020-11-13T02:39:43.46789112Z', 'rank': 109373}, {'country': 'CA', 'fetched_at': '2020-11-13T02:39:43.46789112Z', 'rank': 50022}]}}","{'sentences': ['The main gamers of the worldwide Private Loans marketplace and their whole profiles are integrated within the record.', 'With the assistance of this record, the important thing gamers of the worldwide Private Loans marketplace will be capable of make sound choices and plan their methods accordingly to stick forward of the curve.', 'Key Gamers: Right here, the record throws gentle on monetary ratios, pricing construction, manufacturing price, gross benefit, gross sales quantity, earnings, and gross margin of main and distinguished corporations competing within the international Private Loans marketplace.', 'Marketplace Segments: This a part of the record discusses about product kind and alertness segments of the worldwide Private Loans marketplace in keeping with marketplace percentage, CAGR, marketplace dimension, and more than a few different components.', 'Highlights of the Document: \uf0d8 The record gives a extensive figuring out of the buyer habits and expansion patterns of the worldwide Private Loans marketplace \uf0d8 The record sheds gentle at the profitable trade possibilities referring to the worldwide Private Loans marketplace \uf0d8 The readers will acquire an perception into the impending merchandise and similar inventions within the international Private Loans marketplace \uf0d8 The record supplies information about the important thing strategic tasks followed via the important thing gamers functioning within the international Private Loans marketplace \uf0d8 The authors of the record have scrutinized the segments bearing in mind their profitability, marketplace call for, gross sales earnings, manufacturing, and expansion doable \uf0d8 Within the geographical evaluation, the record examines the present marketplace trends in more than a few areas and international locations Get Whole World Private Loans Marketplace Document for your Inbox inside 24 hours at USD 3,350 The record is an ideal instance of an in depth and meticulously ready analysis find out about at the international Private Loans marketplace.']}","Private Loans Marketplace Dimension, Trade Standing and Expansion alternatives for Main Gamers| SoFi, CitizensBank, FreedomPlus",861,0,
